ASIN,DESCRIPTION,IMAGE,PRICE,TITLE
B06Y22V315,,https://images-na.ssl-images-amazon.com/images/I/51rAfYwfF4L._SY300_QL70_.jpg,$7.97,Blige SMTF Cute Animal Soft Baby Socks Toys Wrist Rattles and Foot Finders for Fun Butterflies and Lady bugs Set 4 pcs
B07RRPT8FS,"Made of durable high-quality materials to make it as durable as possible.As a cake decorating kit for kids or friends, or a gift for yourself, you’ll all fall in love with this 80Pieces Decorating Set!ALLTHETOOLSPROFESSIONALSUSE:OurcakedecoratingsetisTHEcompleteAll-in-Onepackageofprofessionalstyle,reusableequipment-providingtheultimateplatformtoelevateyourCake-Craft&IcingArtistrytoDREAMDESSERTstratospherestatus!COULDYOUBETHENEXTWINNEROFCAKEBOSS?Someofthemosttalentedandcreativecakedecorators&pastrychefsfromshowslikeCakeBossandCupcakeWarsgotstartedinthatsamehomekitchen.Ifonlytheyhadthesefantasticmeasuring,cutting&creamcraftingaccessorieswhentheyfirststarted!TONSOFFUNWITHFRIENDS&FAMILY:Ourbundleofthebestdecoratingmaterialsincludesscrapers,nozzles,asyringe&cakecutter,flowernails,flowerlifter,straightbrush,disposablebags&manymoreMust-Haveitemsyou'lllovelearningtoperfect&master.Sharethefrostingflowerfunwithfriends&family!PREMIUMHIGHGRADEDESIGN:Taseraiscommittedtothesuperiorqualityofourproductsateverystageofthemanufacturingprocess.80PieceskitisacombinationofBPAFreePlastic&StainlessSteeldecoratingtools.100%DishwasherSafe.",https://images-na.ssl-images-amazon.com/images/I/41gfTJ1vHEL._SY300_QL70_.jpg,$19.20,"73 pcs Cake Decorating Supplies, Tasera cake decorating kit With Rotating Turntable Stand, Icing Piping Tips & Pastry Bags, Icing Spatula & Smoother"
B00TTJFQS4,,https://images-na.ssl-images-amazon.com/images/I/317iihs9d1L._SX395_QL70_.jpg,$48.45 - $52.18,CLARKS Men's Tilden Walk Oxford
B0037W6E1M,"Fastresponsive,explosive,rapiddecayLotsof""Trash""sound",https://images-na.ssl-images-amazon.com/images/I/4132DirLIcL._SX300_QL70_.jpg,$218.71,"Zildjian 15"" Oriental China Trash"
B07LCZPBJV,"THECOMPLETECAKEDECORATINGKIT:OurcakedecoratingsupplieskitbuiltwithBPAfreeplasticandstainlesssteelmaterialtothehighestqualitystandardsyoushouldexpectandincludesalltheprofessionaltoolsthecakebakercanusetobakeadeliriouscakeforalloccasions.EQUIPMENT:Thisallinone144pcssupplyarethepiecesofequipmentandtoolsthatyoushouldhaveonhandifyouplantodoavarietyofbakingwithanykindofregularity,thissetisgreatforbeginnerspracticedecorationsorexperiencedcakedesigners.ACCESSORIESINCLUDED:1xcaketurntable,55xpipingtips,50xdisposablestrongpastrybags,14xfondanttoolcutters,5xmeasuringspoons,3xcakescrapers,2xextra-thickpipingbagsties,2xicingspatulas,2xflowernails,2xpipingcouplers,1xcakepen,1xcakesmoother,1xcakeflowerlifter,1xcleaningbrush,1xreusablesiliconpipingbag,1xwirecakecutter/leveller,1xpipingtipsplasticstorage,1xguide.QUALITYOURAIM:Ourdecorativekitscomeswith360rotatingsmoothspinnerturntableandasecurenon-slipsiliconeringbasenomoreworriesaboutmovement,Wemadesurealldisposablepastrybagsbuiltwithhighqualitynomoreworriesaboutpoorbag,Weupgradedto55numberedpippinginsideaplasticstoragewithaguideonhowtouse,YouwillalsoreceivetheNewYorktimesbestsellingbook""thecakeboss""afterpurchasetohelpyoudiscoverthebestrecipesanddecoratingsecrets.SATISFACTIONGUARANTEE:Ourcakedecoratingkitisbackedbyourmanufacture30daymoneybackguaranteewith1yearfreereplacementwarranty",https://images-na.ssl-images-amazon.com/images/I/51phB8uZhkL._SY300_QL70_.jpg,$21.49,"Kitchen Strike Cake Decorating Kit - The Complete 144 Pieces Set With Extra Bonus Accessories Of Fondant Tools, Spoons, Piping Bag Ties and Book - Smooth Spinner Turntable With Non-slip Silicone Base"
B07BKSPT7V,"4000mAHLITHIUM-IONBATTERY(Built-in).Extralightsolarlanternandphonecharger.Lightweight,inflatable,andportable.Shinesover300lumensofLEDlightonTurbomodeandcanrechargeyoursmartphoneortabletwitha5V2Ampoutputport.UPTO300LUMENS.Longbatterylifeprovidesapproximately100hoursoflightonLowmodewhenbatteryisfullycharged,makingthissolarlanterngreatforcamping,outdoorrecreation,andemergencies.Choosefrom5brightnesssettings,includingSOSflashingmode.TWOWAYSTORECHARGE(SOLAR&USB):Fullyrechargesin16hoursofdirectoutdoorsunlight(approximately2-3daysdependingonlocationandtimeofyear)or2-4hoursbyUSB(cordincluded).COMPACTALL-IN-ONE:Thisdeviceisasolarphonecharger,expandablecampinglantern,andbackupbatteryallinone.Atlessthan10oz,it'spowerfulbutdoesn'tweighdownyourpack.Itpacksdownto1""thickmakingiteasytocarryorstore,butexpandsintoa6""cubetodiffuselight.WATERPROOF,SHATTERPROOF,andDURABLE:Madefromheavyduty,ruggedTPUtoenduretoughenvironments.Itis100%waterproofanddustproof(IP67rated).",https://images-na.ssl-images-amazon.com/images/I/416Mlry%2B6pL._SY300_QL70_.jpg,$69.95,"LuminAID PackLite 2-in-1 Phone Charger Lanterns | Great for Camping, Emergency Kits and Travel | As Seen on Shark Tank"
B01E3QM34W,60ImagevaluepackInstaxMinifilmCompatiblewithallInstaxMinistylecamerasImageArea1.81x2.44inches,https://images-na.ssl-images-amazon.com/images/I/41nF304usBL._SY300_QL70_.jpg,$31.00,Fujifilm Instax Mini Instant Film Value Pack - (60 Total Pictures)(Package may vary)
ASIN,DESCRIPTION,IMAGE,PRICE,TITLE
B07LCZPBJV,"THECOMPLETECAKEDECORATINGKIT:OurcakedecoratingsupplieskitbuiltwithBPAfreeplasticandstainlesssteelmaterialtothehighestqualitystandardsyoushouldexpectandincludesalltheprofessionaltoolsthecakebakercanusetobakeadeliriouscakeforalloccasions.EQUIPMENT:Thisallinone144pcssupplyarethepiecesofequipmentandtoolsthatyoushouldhaveonhandifyouplantodoavarietyofbakingwithanykindofregularity,thissetisgreatforbeginnerspracticedecorationsorexperiencedcakedesigners.ACCESSORIESINCLUDED:1xcaketurntable,55xpipingtips,50xdisposablestrongpastrybags,14xfondanttoolcutters,5xmeasuringspoons,3xcakescrapers,2xextra-thickpipingbagsties,2xicingspatulas,2xflowernails,2xpipingcouplers,1xcakepen,1xcakesmoother,1xcakeflowerlifter,1xcleaningbrush,1xreusablesiliconpipingbag,1xwirecakecutter/leveller,1xpipingtipsplasticstorage,1xguide.QUALITYOURAIM:Ourdecorativekitscomeswith360rotatingsmoothspinnerturntableandasecurenon-slipsiliconeringbasenomoreworriesaboutmovement,Wemadesurealldisposablepastrybagsbuiltwithhighqualitynomoreworriesaboutpoorbag,Weupgradedto55numberedpippinginsideaplasticstoragewithaguideonhowtouse,YouwillalsoreceivetheNewYorktimesbestsellingbook""thecakeboss""afterpurchasetohelpyoudiscoverthebestrecipesanddecoratingsecrets.SATISFACTIONGUARANTEE:Ourcakedecoratingkitisbackedbyourmanufacture30daymoneybackguaranteewith1yearfreereplacementwarranty",https://images-na.ssl-images-amazon.com/images/I/51phB8uZhkL._SY300_QL70_.jpg,$21.49,"Kitchen Strike Cake Decorating Kit - The Complete 144 Pieces Set With Extra Bonus Accessories Of Fondant Tools, Spoons, Piping Bag Ties and Book - Smooth Spinner Turntable With Non-slip Silicone Base"
B01E3QM34W,60ImagevaluepackInstaxMinifilmCompatiblewithallInstaxMinistylecamerasImageArea1.81x2.44inches,https://images-na.ssl-images-amazon.com/images/I/41nF304usBL._SY300_QL70_.jpg,$31.00,Fujifilm Instax Mini Instant Film Value Pack - (60 Total Pictures)(Package may vary)
B07RRPT8FS,"Made of durable high-quality materials to make it as durable as possible.As a cake decorating kit for kids or friends, or a gift for yourself, you’ll all fall in love with this 80Pieces Decorating Set!ALLTHETOOLSPROFESSIONALSUSE:OurcakedecoratingsetisTHEcompleteAll-in-Onepackageofprofessionalstyle,reusableequipment-providingtheultimateplatformtoelevateyourCake-Craft&IcingArtistrytoDREAMDESSERTstratospherestatus!COULDYOUBETHENEXTWINNEROFCAKEBOSS?Someofthemosttalentedandcreativecakedecorators&pastrychefsfromshowslikeCakeBossandCupcakeWarsgotstartedinthatsamehomekitchen.Ifonlytheyhadthesefantasticmeasuring,cutting&creamcraftingaccessorieswhentheyfirststarted!TONSOFFUNWITHFRIENDS&FAMILY:Ourbundleofthebestdecoratingmaterialsincludesscrapers,nozzles,asyringe&cakecutter,flowernails,flowerlifter,straightbrush,disposablebags&manymoreMust-Haveitemsyou'lllovelearningtoperfect&master.Sharethefrostingflowerfunwithfriends&family!PREMIUMHIGHGRADEDESIGN:Taseraiscommittedtothesuperiorqualityofourproductsateverystageofthemanufacturingprocess.80PieceskitisacombinationofBPAFreePlastic&StainlessSteeldecoratingtools.100%DishwasherSafe.",https://images-na.ssl-images-amazon.com/images/I/41gfTJ1vHEL._SY300_QL70_.jpg,$19.20,"73 pcs Cake Decorating Supplies, Tasera cake decorating kit With Rotating Turntable Stand, Icing Piping Tips & Pastry Bags, Icing Spatula & Smoother"
B0037W6E1M,"Fastresponsive,explosive,rapiddecayLotsof""Trash""sound",https://images-na.ssl-images-amazon.com/images/I/4132DirLIcL._SX300_QL70_.jpg,$218.71,"Zildjian 15"" Oriental China Trash"
B00TTJFQS4,,https://images-na.ssl-images-amazon.com/images/I/317iihs9d1L._SX395_QL70_.jpg,$48.45 - $52.18,CLARKS Men's Tilden Walk Oxford
B06Y22V315,,https://images-na.ssl-images-amazon.com/images/I/51rAfYwfF4L._SY300_QL70_.jpg,$7.97,Blige SMTF Cute Animal Soft Baby Socks Toys Wrist Rattles and Foot Finders for Fun Butterflies and Lady bugs Set 4 pcs
B07BKSPT7V,"4000mAHLITHIUM-IONBATTERY(Built-in).Extralightsolarlanternandphonecharger.Lightweight,inflatable,andportable.Shinesover300lumensofLEDlightonTurbomodeandcanrechargeyoursmartphoneortabletwitha5V2Ampoutputport.UPTO300LUMENS.Longbatterylifeprovidesapproximately100hoursoflightonLowmodewhenbatteryisfullycharged,makingthissolarlanterngreatforcamping,outdoorrecreation,andemergencies.Choosefrom5brightnesssettings,includingSOSflashingmode.TWOWAYSTORECHARGE(SOLAR&USB):Fullyrechargesin16hoursofdirectoutdoorsunlight(approximately2-3daysdependingonlocationandtimeofyear)or2-4hoursbyUSB(cordincluded).COMPACTALL-IN-ONE:Thisdeviceisasolarphonecharger,expandablecampinglantern,andbackupbatteryallinone.Atlessthan10oz,it'spowerfulbutdoesn'tweighdownyourpack.Itpacksdownto1""thickmakingiteasytocarryorstore,butexpandsintoa6""cubetodiffuselight.WATERPROOF,SHATTERPROOF,andDURABLE:Madefromheavyduty,ruggedTPUtoenduretoughenvironments.Itis100%waterproofanddustproof(IP67rated).",https://images-na.ssl-images-amazon.com/images/I/416Mlry%2B6pL._SY300_QL70_.jpg,$69.95,"LuminAID PackLite 2-in-1 Phone Charger Lanterns | Great for Camping, Emergency Kits and Travel | As Seen on Shark Tank"
